{"_runtime":332.085206685,"_step":9,"_wandb":{"runtime":332},"epoch":9,"train_loss":0.3044245837936326,"val_loss":0.328162136886801,"_timestamp":1.7471708727132182e+09}