{"_timestamp":1.7473441506266787e+09,"_runtime":77.26973483,"_step":1,"_wandb":{"runtime":78},"epoch":1,"train_loss":0.6302761659026146,"val_loss":0.6338130757212639}