{"_wandb":{"runtime":42},"epoch":0,"train_loss":1.6366689540445805,"val_loss":0.8857089914381504,"_timestamp":1.7473439845334744e+09,"_runtime":42.612508862,"_step":0}